InvoiceNo,Description,OrderValue,Quantity,CustomerID,Year-Month,Major Category,Minor Category,Country
549185,PACK OF 20 NAPKINS PANTRY DESIGN,10.2,12,18272,2011-04,Clothes,Tops,United Kingdom
576381,NATURAL SLATE HEART CHALKBOARD ,35.4,12,12839,2011-11,Clothes,Shoes,United Kingdom
551192,36 PENCILS TUBE SKULLS,20,16,16188,2011-04,Kitchen,Cutlery,United Kingdom
573553,SET 6 SCHOOL MILK BOTTLES IN CRATE,7.46,1,,2011-10,Garden,Turf,United Kingdom
539436,FINE WICKER HEART ,2.51,1,,2011-12,Garden,Hoses,United Kingdom
580893,SEWING BOX RETROSPOT DESIGN ,3.95,1,17290,2011-12,Garden,Hoses,United Kingdom
568321,3 TRADITIONAl BISCUIT CUTTERS  SET,12.6,6,13639,2011-09,Clothes,Hats,United Kingdom
552949,BULL DOG BOTTLE OPENER,29.7,6,16033,2011-05,Clothes,Tops,United Kingdom
567461,STRAWBERRY CHARLOTTE BAG,44.28,18,,2011-09,Household,Curtains,United Kingdom
542121,FAIRY SOAP SOAP HOLDER,3.38,2,17515,2011-01,Household,Lamps,United Kingdom
566913,PACK OF 12 VINTAGE DOILY TISSUES,1.56,4,17602,2011-09,Kitchen,Cooking Knives,United Kingdom
550477,PACK OF 60 DINOSAUR CAKE CASES,0.55,1,17338,2011-04,Household,Lamps,United Kingdom
538663,CAKE STAND 3 TIER MAGIC GARDEN,25.5,2,15159,2011-12,Household,Rugs,United Kingdom
570715,ICE CREAM PEN LIP GLOSS ,30,24,18287,2011-10,Household,Chairs,United Kingdom
549299,LUNCH BAG CARS BLUE,16.5,10,13995,2011-04,Clothes,Shoes,United Kingdom
559902,6 RIBBONS RUSTIC CHARM,1.65,1,14502,2011-07,Kitchen,Coasters,United Kingdom
537369,ROSE 3 WICK MORRIS BOX CANDLE,4.25,1,17860,2011-09,Clothes,Tops,United Kingdom
564353,HAND WARMER SCOTTY DOG DESIGN,25.2,12,15764,2010-12,Kitchen,Scales,United Kingdom
562455,JAM MAKING SET WITH JARS,25.5,6,18097,2011-08,Household,Rugs,United Kingdom
539451,12 PENCILS SMALL TUBE RED RETROSPOT,1.28,1,,2011-12,Clothes,Shoes,United Kingdom
537057,PAPER CHAIN KIT 50'S CHRISTMAS ,2.95,1,15351,2011-12,Household,Rugs,United Kingdom
549568,LAUNDRY 15C METAL SIGN,34.8,24,15665,2011-04,Clothes,Hats,United Kingdom
564758,PANTRY MAGNETIC  SHOPPING LIST,3.29,1,,2011-08,Clothes,Shoes,United Kingdom
541424,SUMMER BUTTERFLIES BAG CHARM,2.46,1,,2011-01,Household,Chairs,United Kingdom
559000,SPOTTY BUNTING,9.9,2,14099,2011-07,Household,Curtains,United Kingdom
550438,PINK BLUE FELT CRAFT TRINKET BOX,15,12,15265,2011-04,Kitchen,Cooking Knives,United Kingdom
549556,QUEENS GUARD COFFEE MUG,10.2,4,17372,2011-04,Clothes,Shoes,United Kingdom
550474,TRAVEL CARD WALLET SUKI,0.83,1,,2011-04,Kitchen,Cutlery,United Kingdom
559317,DOORMAT RED RETROSPOT,7.95,1,17611,2011-07,Clothes,Hats,United Kingdom
545906,3 PIECE SPACEBOY COOKIE CUTTER SET,12.6,6,15764,2011-03,Kitchen,Plates,United Kingdom
568538,DOORMAT NEW ENGLAND,424.8,60,15061,2011-09,Garden,Turf,United Kingdom
575944,SLEEPING CAT ERASERS,6.3,30,16571,2011-11,Household,Chairs,United Kingdom
545797,SET 12 LAVENDER  BOTANICAL T-LIGHTS,2.95,1,16225,2011-03,Kitchen,Plates,United Kingdom
540349,PLASTERS IN TIN VINTAGE PAISLEY ,19.8,12,15379,2011-01,Clothes,Hats,United Kingdom
551174,HOMEMADE JAM SCENTED CANDLES,3.29,1,,2011-04,Garden,Seeds,United Kingdom
541592,SCOTTIES CHILDRENS APRON,9.78,6,,2011-01,Household,Curtains,United Kingdom
536769,3D TRADITIONAL CHRISTMAS STICKERS,25,20,17581,2011-12,Clothes,Hats,United Kingdom
581166,PAPER CHAIN KIT 50'S CHRISTMAS ,2.95,1,15525,2011-12,Kitchen,Cutlery,United Kingdom
548978,DOORMAT NEW ENGLAND,15.9,2,15727,2011-04,Garden,Turf,United Kingdom
558315,CLOTHES PEGS RETROSPOT PACK 24 ,19.8,12,15065,2010-12,Garden,Hoses,United Kingdom
546009,AIRLINE BAG VINTAGE TOKYO 78,4.25,1,16426,2011-03,Kitchen,Coasters,United Kingdom
542835,JASMINE VOTIVE CANDLE,6.96,24,13939,2011-02,Garden,Hoses,United Kingdom
558315,ROUND CAKE TIN VINTAGE RED,15.9,2,15065,2010-12,Clothes,Tops,United Kingdom
541695,SET OF 6 SPICE TINS PANTRY DESIGN,8.29,1,,2011-01,Garden,Turf,United Kingdom
551824,SET OF SALT AND PEPPER TOADSTOOLS,15,12,15128,2011-05,Household,Curtains,United Kingdom
553869,JUMBO BAG VINTAGE LEAF,20.8,10,15394,2011-05,Household,Curtains,United Kingdom
566602,"LETTER ""M"" BLING KEY RING",0.83,1,,2011-09,Kitchen,Coasters,United Kingdom
575647,PLASTERS IN TIN WOODLAND ANIMALS,9.9,6,16440,2011-11,Kitchen,Cutlery,United Kingdom
572513,SET OF 36 PAISLEY FLOWER DOILIES,2.9,2,16728,2311-12,Household,Lamps,United Kingdom
542890,PAPER BUNTING COLOURED LACE,11.8,4,15311,2011-02,Household,Lamps,United Kingdom
547883,PACK OF 60 PINK PAISLEY CAKE CASES,13.2,24,14755,2011-03,Garden,Rakes,United Kingdom
560264,NATURAL SLATE HEART CHALKBOARD ,17.7,6,12833,2011-07,Household,Chairs,United Kingdom
539437,OFFICE MUG WARMER BLACK+SILVER ,23.64,4,,2011-12,Kitchen,Plates,United Kingdom
555278,NUMBER TILE COTTAGE GARDEN 1,4.13,1,,2011-06,Kitchen,Cutlery,United Kingdom
581492,FOOD COVER WITH BEADS SET 2 ,7.46,1,,2011-12,Garden,Rakes,United Kingdom
568142,GLASS APOTHECARY BOTTLE ELIXIR,3.95,1,16744,2011-09,Garden,Rakes,United Kingdom
545764,PAPER CHAIN KIT EMPIRE,70.8,24,13408,2011-03,Clothes,Hats,United Kingdom
581015,GINGHAM HEART  DOORSTOP RED,15.6,8,13949,2011-12,Kitchen,Plates,United Kingdom
537397,HAND WARMER BABUSHKA DESIGN,25.2,12,16817,2011-12,Kitchen,Coasters,United Kingdom
543546,PAPER CHAIN KIT RETROSPOT,5.79,1,,2011-02,Kitchen,Scales,United Kingdom
567662,JUMBO BAG SCANDINAVIAN BLUE PAISLEY,8.32,4,17758,2011-09,Kitchen,Cooking Knives,United Kingdom
574706,VINTAGE SNAKES & LADDERS,15,4,16790,2011-11,Garden,Rakes,United Kingdom
543815,EASTER TIN CHICKS PINK DAISY,3.3,2,17255,2011-02,Household,Curtains,United Kingdom
547987,CHARLOTTE BAG SUKI DESIGN,8.5,10,17428,2011-03,Clothes,Shoes,United Kingdom
575647,HOT WATER BOTTLE KEEP CALM,59.4,12,16440,2011-11,Household,Curtains,United Kingdom
551197,ABC TREASURE BOOK BOX ,2.25,1,14078,2011-04,Kitchen,Cutlery,United Kingdom
577078,WOODEN TREE CHRISTMAS SCANDINAVIAN,7.47,9,,2011-11,Kitchen,Scales,United Kingdom
538349,CARD PARTY GAMES ,1.7,2,,2018-12,Household,Lamps,United Kingdom
567668,PARISIENNE CURIO CABINET,14.96,1,,2011-09,Household,Lamps,United Kingdom
581471,IVORY KITCHEN SCALES,8.5,1,14702,2011-12,Household,Curtains,United Kingdom
537144,IVORY PILLAR CANDLE SILVER FLOCK,8.85,3,15880,2010-12,Household,Curtains,United Kingdom
552677,OWL DOORSTOP,8.29,1,,2011-05,Clothes,Shoes,United Kingdom
547223,CHILDREN'S SPACEBOY MUG,9.9,6,12867,2011-03,Kitchen,Scales,United Kingdom
580865,JUMBO BAG ALPHABET,2.08,1,17914,2011-12,Clothes,Tops,United Kingdom
561693,HOMEMADE JAM SCENTED CANDLES,17.4,12,15120,2011-07,Household,Lamps,United Kingdom
547886,BROWN CHECK CAT DOORSTOP ,12.75,3,13652,2011-03,Clothes,Tops,United Kingdom
579508,GLASS JAR DIGESTIVE BISCUITS,5.79,1,,2011-11,Garden,Seeds,United Kingdom
560224,JUMBO BAG DOILEY PATTERNS,4.16,2,14572,2011-07,Kitchen,Scales,United Kingdom
565234,ROSES REGENCY TEACUP AND SAUCER ,52.11,9,,2011-09,Garden,Hoses,United Kingdom
545276,ANTIQUE SILVER TEA GLASS ENGRAVED,52.5,42,12933,2011-03,Clothes,Hats,United Kingdom
557645,RETRO MOD TRAY,1.63,1,,2011-06,Clothes,Shoes,United Kingdom
552560,JUMBO BAG DOLLY GIRL DESIGN,20.8,10,17581,2011-05,Household,Curtains,United Kingdom
536638,RED RETROSPOT PUDDING BOWL,17,4,16244,2010-12,Clothes,Shoes,United Kingdom
572023,PACK OF 20 SPACEBOY NAPKINS,0.85,1,17764,2011-10,Clothes,Shoes,United Kingdom
550210,DOTCOM POSTAGE,202.42,1,,2011-04,Household,Chairs,United Kingdom
545661,WRAP ENGLISH ROSE ,10.5,25,15358,2011-03,Household,Rugs,United Kingdom
542401,WOOD STAMP SET THANK YOU,4.95,3,14541,2011-01,Household,Rugs,United Kingdom
537240,CHRISTMAS PUDDING TRINKET POT ,23.52,7,,2010-12,Kitchen,Coasters,United Kingdom
557281,PIGGY BANK RETROSPOT ,10.2,4,13632,2011-06,Household,Rugs,United Kingdom
567183,STORAGE TIN VINTAGE DOILY ,5.78,2,14769,2011-09,Kitchen,Plates,United Kingdom
578998,BLUE HARMONICA IN BOX ,1.25,1,15436,2011-11,Clothes,Tops,United Kingdom
556812,TEA TIME PARTY BUNTING,10.79,1,,2011-06,Household,Lamps,United Kingdom
565233,HEART FILIGREE DOVE  SMALL,2.46,1,,2011-09,Garden,Turf,United Kingdom
580983,HEART OF WICKER SMALL,3.29,1,,2011-12,Garden,Seeds,United Kingdom
558810,JUMBO BAG PINK VINTAGE PAISLEY,20.65,5,,2011-07,Garden,Seeds,United Kingdom
556441,GARDENERS KNEELING PAD CUP OF TEA ,6.6,4,14415,2011-06,Clothes,Shoes,United Kingdom
544065,ASSORTED COLOURS SILK FAN,9,12,14346,2011-02,Clothes,Shoes,United Kingdom
580908,3 STRIPEY MICE FELTCRAFT,1.95,1,16495,2011-12,Garden,Turf,United Kingdom
545085,DOORMAT FANCY FONT HOME SWEET HOME,7.95,1,15039,2011-02,Garden,Seeds,United Kingdom
580877,CLEAR DRAWER KNOB ACRYLIC EDWARDIAN,1.25,1,17250,2011-12,Garden,Rakes,United Kingdom
581439,HEART FILIGREE DOVE  SMALL,7.38,3,,2011-12,Garden,Turf,United Kingdom
572321,PACK OF 6 LARGE FRUIT STRAWS ,7.44,12,15592,2012-06,Household,Rugs,United Kingdom
573543,RETROSPOT HEART HOT WATER BOTTLE,4.95,1,17777,2011-10,Clothes,Tops,United Kingdom
578270,TRADITIONAL MODELLING CLAY,22.14,9,14096,2011-11,Household,Curtains,United Kingdom
563692,CHOCOLATE HOT WATER BOTTLE,9.9,2,17243,2011-08,Clothes,Tops,United Kingdom
562727,SET OF 6 SOLDIER SKITTLES,15,4,15601,2011-08,Garden,Hoses,United Kingdom
570288,HAND WARMER BIRD DESIGN,6.3,3,16960,2011-10,Household,Rugs,United Kingdom
541421,GREEN FERN SKETCHBOOK ,7.46,1,,2011-01,Garden,Turf,United Kingdom
554788,SWEETHEART WIRE MAGAZINE RACK,15.9,2,12987,2011-05,Clothes,Tops,United Kingdom
579089,SET/4 BIRD MIRROR MAGNETS ,0.29,1,17920,2011-11,Kitchen,Plates,United Kingdom
543645,LUNCH BAG DOLLY GIRL DESIGN,4.95,3,17609,2011-02,Garden,Rakes,United Kingdom
565441,BLACK CANDELABRA T-LIGHT HOLDER,3.9,6,13240,2011-09,Garden,Turf,United Kingdom
556107,BLUE SCANDINAVIAN PAISLEY WRAP,10.5,25,17360,2011-06,Garden,Rakes,United Kingdom
561231,DOLLY GIRL LUNCH BOX,5.85,3,15855,2011-07,Clothes,Shoes,United Kingdom
549714,GROW A FLYTRAP OR SUNFLOWER IN TIN,1.25,1,,2011-04,Clothes,Shoes,United Kingdom
559784,JUMBO BAG 50'S CHRISTMAS ,20.8,10,16839,2011-07,Kitchen,Bowls,United Kingdom
537154,CREAM CUPID HEARTS COAT HANGER,26,8,15808,2011-12,Kitchen,Plates,United Kingdom
568134,GOLD MINI TAPE MEASURE ,0.83,1,,2011-09,Garden,Turf,United Kingdom
575607,PORCELAIN ROSE SMALL,1.63,1,14096,2011-11,Garden,Hoses,United Kingdom
554839,SPOTTY BUNTING,29.7,6,14056,2011-05,Clothes,Hats,United Kingdom
543256,ROMANTIC PINKS RIBBONS ,7.5,6,17293,2011-02,Garden,Rakes,United Kingdom
575587,ASS FLORAL PRINT SPIRIT LEVEL ,9.48,12,17461,2011-11,Kitchen,Cooking Knives,United Kingdom
565350,TRADITIONAL WOODEN CATCH CUP GAME ,3.75,3,14178,2011-09,Kitchen,Bowls,United Kingdom
570187,JAM MAKING SET PRINTED,3.29,1,,2011-10,Clothes,Shoes,United Kingdom
576618, TRELLIS COAT RACK,10.79,1,,2011-11,Clothes,Tops,United Kingdom
539215,ALARM CLOCK BAKELIKE RED ,3.75,1,15574,2011-12,Kitchen,Coasters,United Kingdom
575491,UNION JACK FLAG LUGGAGE TAG,3.75,3,15531,2011-11,Household,Curtains,United Kingdom
575410,POCKET BAG BLUE PAISLEY RED SPOT,15,12,17705,2011-11,Clothes,Tops,United Kingdom
546220,PACK OF 72 RETROSPOT CAKE CASES,39.6,72,16745,2011-03,Clothes,Shoes,United Kingdom
569225,PANTRY MAGNETIC  SHOPPING LIST,2.9,2,16930,2011-10,Garden,Turf,United Kingdom
541221,SKULLS WRITING SET ,4.92,2,,2017-09,Kitchen,Plates,United Kingdom
573415,GINGHAM RECIPE BOOK BOX,9.9,2,13607,2012-06,Household,Rugs,United Kingdom
574856,SET OF 5 LUCKY CAT MAGNETS ,4.13,1,,2011-11,Clothes,Shoes,United Kingdom
581112,BICYCLE PUNCTURE REPAIR KIT ,24.96,12,16678,2011-12,Clothes,Hats,United Kingdom
565396,ROLL WRAP VINTAGE SPOT ,2.46,1,,2011-09,Clothes,Tops,United Kingdom
545580,72 SWEETHEART FAIRY CAKE CASES,13.2,24,13931,2013-09,Garden,Seeds,United Kingdom
562085,JAM MAKING SET PRINTED,34.8,24,15228,2018-04,Kitchen,Plates,United Kingdom
559505,NATURAL SLATE HEART CHALKBOARD ,35.4,12,16398,2011-07,Clothes,Shoes,United Kingdom
539453,12 EGG HOUSE PAINTED WOOD,25.49,1,,2011-12,Kitchen,Plates,United Kingdom
579142,CHRISTMAS RETROSPOT TREE WOOD,2.55,3,16744,2011-11,Clothes,Tops,United Kingdom
548309,PLASTERS IN TIN CIRCUS PARADE ,1.65,1,16657,2013-09,Garden,Seeds,United Kingdom
540703,WRAP SUKI AND FRIENDS,10.5,25,14135,2017-09,Household,Curtains,United Kingdom
546913,RECIPE BOX RETROSPOT ,2.95,1,15861,2017-11,Clothes,Tops,United Kingdom
550834,BOX OF 6 ASSORTED COLOUR TEASPOONS,4.25,1,14730,2011-04,Garden,Turf,United Kingdom
581167,JUMBO  BAG BAROQUE BLACK WHITE,20.8,10,13534,2011-12,Household,Chairs,United Kingdom
547655,HOME SWEET HOME MUG,15,12,14267,2013-09,Household,Curtains,United Kingdom
567333,MOODY GIRL DOOR HANGER ,9.36,24,14282,2011-09,Household,Rugs,United Kingdom
550211,JUMBO SHOPPER VINTAGE RED PAISLEY,4.13,1,,2011-04,Household,Curtains,United Kingdom
564223,EMPIRE UNION JACK TV DINNER TRAY,14.85,3,13013,2011-08,Kitchen,Cutlery,United Kingdom
563333,PHOTO FRAME CORNICE,11.8,4,15996,2018-04,Household,Lamps,United Kingdom
577058,TOILET SIGN OCCUPIED OR VACANT,0.83,1,18122,2011-11,Household,Chairs,United Kingdom
541282,RETRO COFFEE MUGS ASSORTED,7.5,6,17690,2017-09,Clothes,Tops,United Kingdom
580771,SET OF 4 NAPKIN CHARMS CROWNS ,3.16,4,16015,2011-12,Household,Lamps,United Kingdom
554538,SWEETHEART CREAM STEEL TABLE RECT,39.9,2,,2011-05,Clothes,Hats,United Kingdom
562851,HEART FILIGREE DOVE LARGE,19.8,12,13117,2014-02,Kitchen,Scales,United Kingdom
559338,SCOTTIE DOGS BABY BIB,1.66,2,,2018-03,Household,Lamps,United Kingdom
578072,BOX OF 6 MINI VINTAGE CRACKERS,4.98,2,17759,2011-11,Household,Curtains,United Kingdom
556734,BLACK/BLUE POLKADOT UMBRELLA,17.85,3,13476,2011-06,Garden,Seeds,United Kingdom
557476,PARTY BUNTING,39.6,8,18223,2011-06,Kitchen,Plates,United Kingdom
539739,SMALL HEART MEASURING SPOONS,6.64,4,,2010-12,Household,Lamps,United Kingdom
581023,SET 6 SCHOOL MILK BOTTLES IN CRATE,29.84,4,,2011-12,Clothes,Shoes,United Kingdom
579508,CERAMIC CHERRY CAKE MONEY BANK,3.29,1,,2011-11,Garden,Seeds,United Kingdom
575176,CARD SUKI BIRTHDAY,0.84,2,,2011-11,Clothes,Shoes,United Kingdom
573876,SET OF 60 I LOVE LONDON CAKE CASES ,1.1,2,16360,2011-11,Household,Curtains,United Kingdom
559818,COLOUR GLASS T-LIGHT HOLDER HANGING,79.2,144,13408,2011-07,Garden,Seeds,United Kingdom
536409,CHOCOLATE HOT WATER BOTTLE,4.95,1,17908,2010-12,Kitchen,Scales,United Kingdom
569220,MODERN FLORAL STATIONERY SET,2.5,2,16007,2012-06,Garden,Turf,United Kingdom
547947,LUNCH BAG PINK POLKADOT,16.5,10,15032,2011-03,Household,Lamps,United Kingdom
557311,SET3 BOOK BOX GREEN GINGHAM FLOWER ,8.5,2,15700,2011-06,Kitchen,Plates,United Kingdom
551718,VINTAGE SNAP CARDS,1.63,1,,2011-05,Household,Curtains,United Kingdom
557502,CIRCUS PARADE CHILDRENS EGG CUP ,2.46,1,,2011-06,Household,Rugs,United Kingdom
578935,SKETCHBOOK MAGNETIC SHOPPING LIST,1.45,1,15351,2011-11,Clothes,Shoes,United Kingdom
546100,EASTER DECORATION SITTING BUNNY,10.2,12,16572,2011-03,Clothes,Shoes,United Kingdom
550208,VICTORIAN SEWING BOX SMALL ,12.46,1,,2011-04,Garden,Seeds,United Kingdom
575073,15CM CHRISTMAS GLASS BALL 20 LIGHTS,31.8,4,13975,2011-11,Kitchen,Scales,United Kingdom
577078,RED GINGHAM ROSE JEWELLERY BOX,4.13,1,,2011-11,Clothes,Tops,United Kingdom
569790,CHOCOLATE BOX RIBBONS ,1.25,1,15910,2011-10,Clothes,Tops,United Kingdom
579103,VINTAGE LEAF MAGNETIC NOTEPAD,1.45,1,18041,2011-11,Garden,Seeds,United Kingdom
559991,APRON APPLE DELIGHT,4.95,1,14527,2011-07,Kitchen,Bowls,United Kingdom
558370,SANDALWOOD FAN,10.2,12,17750,2011-06,Garden,Turf,United Kingdom
578251,SET OF 6 3D KIT CARDS FOR KIDS,5.95,7,15993,2011-11,Kitchen,Bowls,United Kingdom
578533,GLITTER BUTTERFLY CLIPS,15.3,6,17767,2011-11,Kitchen,Plates,United Kingdom
571502,RIBBON REEL FLORA + FAUNA ,16.5,10,14422,2011-10,Garden,Seeds,United Kingdom
571121,CHOCOLATE HOT WATER BOTTLE,44.55,9,18228,2011-10,Kitchen,Cooking Knives,United Kingdom
541215,CHOCOLATE HOT WATER BOTTLE,29.7,6,14329,2011-01,Clothes,Hats,United Kingdom
566561,FELTCRAFT PRINCESS OLIVIA DOLL,15,4,18145,2011-09,Kitchen,Scales,United Kingdom
573923, RED SPOT GIFT BAG LARGE,25,20,17965,2011-11,Garden,Hoses,United Kingdom
578263,3 RAFFIA RIBBONS VINTAGE CHRISTMAS,15.8,20,17422,2011-11,Household,Chairs,United Kingdom
566279,FOLK ART METAL HEART T-LIGHT HOLDER,1.52,4,14432,2011-09,Household,Lamps,United Kingdom
578032,CANDLE HOLDER SILVER MADELINE,19.8,12,16633,2011-11,Household,Curtains,United Kingdom
549241,PLASTERS IN TIN SPACEBOY,3.3,2,15719,2011-04,Garden,Rakes,United Kingdom
548354,COFFEE MUG APPLES DESIGN,75.6,36,15981,2011-03,Clothes,Shoes,United Kingdom
560824,SET OF 60 I LOVE LONDON CAKE CASES ,1.65,3,17935,2011-07,Clothes,Shoes,United Kingdom
577504,SET 12 RETRO WHITE CHALK STICKS,0.84,2,14159,2011-11,Kitchen,Cutlery,United Kingdom
568591,JUMBO STORAGE BAG SKULLS,20.8,10,17088,2011-09,Clothes,Hats,United Kingdom
556959,RED RETROSPOT MUG,17.7,6,16739,2011-06,Kitchen,Bowls,United Kingdom
567668,CHARLOTTE BAG APPLES DESIGN,4.89,3,,2011-09,Clothes,Shoes,United Kingdom
540821,4 VANILLA BOTANICAL CANDLES,2.51,1,,2011-01,Garden,Turf,United Kingdom
561195,SET OF 5 PANCAKE DAY MAGNETS,4.16,2,14796,2011-07,Household,Rugs,United Kingdom
538852,GUMBALL COAT RACK,2.55,1,17372,2010-12,Household,Curtains,United Kingdom
542621,CAKES AND BOWS GIFT  TAPE,7.8,12,12528,2011-08,Kitchen,Cutlery,Germany
572241,HAND WARMER OWL DESIGN,25.2,12,12712,2011-09,Clothes,Tops,Germany
578024,EGG CUP HENRIETTA HEN CREAM ,15,12,12705,2011-11,Garden,Hoses,Germany
555553,CHARLOTTE BAG VINTAGE ALPHABET ,8.5,10,12662,2011-11,Garden,Hoses,Germany
580511,HAND WARMER OWL DESIGN,50.4,24,12560,2011-02,Garden,Seeds,Germany
550620,CHILDS BREAKFAST SET CIRCUS PARADE,34,4,12585,2011-05,Clothes,Shoes,Germany
564039,MINI PAINT SET VINTAGE ,23.4,36,12645,2011-05,Household,Lamps,Germany
571304,ASSORTED COLOUR MINI CASES,15.9,2,12526,2011-12,Kitchen,Bowls,Germany
562035,RETROSPOT TEA SET CERAMIC 11 PC ,14.85,3,12627,2011-04,Household,Rugs,Germany
560569,WRAP DOILEY DESIGN,10.5,25,12480,2011-05,Clothes,Shoes,Germany
571724,MAGNETS PACK OF 4 HOME SWEET HOME,4.68,12,12572,2011-11,Kitchen,Plates,Germany
552978,LUNCH BOX WITH CUTLERY RETROSPOT ,126,60,12590,2011-02,Garden,Turf,Germany
552978,ASSORTED COLOURS SILK FAN,390,600,12590,2011-11,Clothes,Tops,Germany
540410,SET/6 RED SPOTTY PAPER PLATES,10.2,12,12530,2010-12,Garden,Hoses,Germany
539957,METAL DECORATION NAUGHTY CHILDREN ,20.4,24,12585,2012-06,Clothes,Shoes,Germany
564749,PLASTERS IN TIN STRONGMAN,19.8,12,12708,2011-11,Household,Chairs,Germany
556517,LUNCH BAG DOILEY PATTERN ,33,20,12481,2011-05,Household,Rugs,Germany
578024,ADVENT CALENDAR GINGHAM SACK,35.7,6,12705,2011-06,Clothes,Tops,Germany
558881,DOORMAT WELCOME TO OUR HOME,15.9,2,12705,2011-05,Garden,Turf,Germany
547925,WRAP VINTAGE PETALS  DESIGN,10.5,25,12481,2011-01,Garden,Hoses,Germany
576787,WOODLAND CHARLOTTE BAG,17,20,13815,2011-03,Garden,Turf,Germany
552878,POSTAGE,144,8,12625,2011-11,Household,Chairs,Germany
564972,GREEN REGENCY TEACUP AND SAUCER,17.7,6,12621,2018-03,Household,Rugs,Germany
564140,WRAP GREEN PEARS ,10.5,25,12621,2011-01,Kitchen,Scales,Germany
579416,SPACEBOY ROCKET LOLLY MAKERS,37.44,18,12471,2012-06,Household,Lamps,Germany
575787,WRAP DOLLY GIRL,10.5,25,12518,2011-11,Kitchen,Plates,Germany
581000,SET OF 6 HERB TINS SKETCHBOOK,15,12,12720,2011-11,Garden,Hoses,Germany
561468,200 RED + WHITE BENDY STRAWS,75,60,12709,2011-11,Kitchen,Cutlery,Germany
556578,ENAMEL WATERING CAN CREAM,19.8,4,12472,2011-06,Household,Curtains,Germany
565416,PINK HAPPY BIRTHDAY BUNTING,16.35,3,12710,2012-06,Clothes,Hats,Germany
540458,PACK OF 6 SKULL PAPER PLATES,10.2,12,12501,2018-04,Clothes,Tops,Germany
561911,HEART OF WICKER SMALL,19.8,12,12534,2011-06,Garden,Seeds,Germany
543587,DOORMAT WELCOME TO OUR HOME,15.9,2,12561,2011-12,Clothes,Tops,Germany
549193,JUMBO BAG PINK VINTAGE PAISLEY,20.8,10,12580,2011-11,Kitchen,Cutlery,Germany
577615,3D CHRISTMAS STAMPS STICKERS ,22.5,18,12658,2018-02,Garden,Hoses,Germany
556509,TREASURE TIN BUFFALO BILL ,12.48,6,12708,2018-01,Household,Curtains,Germany
568056,BLUE SPOT CERAMIC DRAWER KNOB,17.4,12,12705,2011-06,Household,Lamps,Germany
537201,CHILDRENS APRON APPLES DESIGN,15.6,8,12472,2013-11,Kitchen,Cutlery,Germany
540553,DOORMAT AIRMAIL ,15.9,2,12500,2017-09,Clothes,Shoes,Germany
571065,DOLLY GIRL MINI BACKPACK,16.6,4,12613,2011-10,Garden,Seeds,Germany
560635,HEART WREATH DECORATION WITH BELL,15,12,12521,2018-04,Garden,Turf,Germany
554861,APRON APPLE DELIGHT,19.8,4,12633,2011-02,Kitchen,Plates,Germany
565765,STRAWBERRY LUNCH BOX WITH CUTLERY,15.3,6,12526,2011-11,Kitchen,Plates,Germany
540458,PAPER BUNTING COLOURED LACE,17.7,6,12501,2018-03,Clothes,Hats,Germany
571658,TRADITIONAL KNITTING NANCY,19.8,12,12621,2011-03,Garden,Turf,Germany
576787,JUMBO BAG VINTAGE DOILY ,20.8,10,13815,2018-04,Clothes,Shoes,Germany
541965,RAIN PONCHO RETROSPOT,20.4,24,12625,2018-02,Clothes,Hats,Germany
556443,LARGE CHINESE STYLE SCISSOR,8.5,10,12712,2011-09,Household,Curtains,Germany
567666,PINK AND WHITE CHRISTMAS TREE 120CM,17.7,6,12520,2018-05,Kitchen,Scales,Germany
542713,FAIRY CAKE BIRTHDAY CANDLE SET,30,8,12668,2011-02,Garden,Rakes,Germany
576890,MINI LIGHTS WOODLAND MUSHROOMS,15,4,12662,2011-12,Garden,Rakes,Germany
555162,PACK 3 BOXES BIRD PANNETONE ,23.4,12,12473,2011-03,Kitchen,Plates,Germany
569893,REGENCY CAKESTAND 3 TIER,12.75,1,12627,2011-07,Garden,Turf,Germany
543056,REGENCY CAKESTAND 3 TIER,350.4,32,12471,2011-09,Clothes,Tops,Germany
581266,MULTICOLOUR HONEYCOMB FAN,4.68,12,12621,2011-08,Kitchen,Bowls,Germany
553741,RED RETROSPOT CAKE STAND,65.7,6,12520,2017-12,Garden,Hoses,Germany
565416,PACK OF 12 WOODLAND TISSUES ,6.96,24,12710,2017-10,Kitchen,Cooking Knives,Germany
555162,PACK OF 6 PANNETONE GIFT BOXES,15.3,6,12473,2011-09,Kitchen,Scales,Germany
555282,PANTRY WASHING UP BRUSH,17.4,12,12709,2011-11,Garden,Rakes,Germany
549316,SET/6 RED SPOTTY PAPER CUPS,7.8,12,12705,2011-11,Clothes,Tops,Germany
560728,RED BABY BUNTING ,14.75,5,12520,2011-11,Kitchen,Scales,Germany
544573,COFFEE MUG PEARS  DESIGN,30.6,12,12621,2011-11,Household,Lamps,Germany
546759,HOLIDAY FUN LUDO,15,4,12712,2011-12,Household,Lamps,Germany
568350,ANT COPPER TURQ BOUDICCA BRACELET,44.55,9,12612,2011-02,Household,Curtains,Germany
578509,ROUND SNACK BOXES SET OF 4 FRUITS ,17.7,6,12705,2011-06,Kitchen,Plates,Germany
581266,TRADITIONAL PICK UP STICKS GAME ,15,12,12621,2011-12,Clothes,Hats,Germany
567958,SET OF 60 I LOVE LONDON CAKE CASES ,13.2,24,12619,2011-09,Garden,Seeds,Germany
537201,WOODEN TREE CHRISTMAS SCANDINAVIAN,20.4,24,12472,2011-05,Kitchen,Cooking Knives,Germany
538174,FUNKY DIVA PEN,81.6,96,12471,2011-12,Household,Curtains,Germany
539395,BREAD BIN DINER STYLE PINK,89.7,6,12471,2010-12,Clothes,Hats,Germany
568674,PANTRY CHOPPING BOARD,14.85,3,12708,2011-07,Kitchen,Scales,Germany
568674,SET 2 PANTRY DESIGN TEA TOWELS,19.5,6,12708,2018-02,Kitchen,Scales,Germany
545718,SPACEBOY TV DINNER TRAY,14.85,3,12614,2011-11,Clothes,Tops,Germany
573284,EMBROIDERED RIBBON REEL DAISY ,12.48,6,13812,2011-09,Clothes,Tops,Germany
542128,KIDS RAIN MAC BLUE,20.4,24,12609,2010-12,Garden,Rakes,Germany
576607,POSTAGE,72,4,12474,2011-08,Clothes,Shoes,Germany
564856,WHITE SPOT RED CERAMIC DRAWER KNOB,15,12,12477,2011-01,Clothes,Shoes,Germany
540458,CHILDS BREAKFAST SET DOLLY GIRL ,19.9,2,12501,2018-01,Household,Chairs,Germany
567904,LUNCH BAG WOODLAND,16.5,10,12609,2018-01,Kitchen,Bowls,Germany
564079,LUNCH BAG APPLE DESIGN,16.5,10,12627,2011-01,Garden,Rakes,Germany
542369,PLASTERS IN TIN STRONGMAN,39.6,24,12645,2010-12,Garden,Seeds,Germany
572061,LIGHT GARLAND BUTTERFILES PINK,17,4,12474,2011-11,Kitchen,Coasters,Germany
560876,CLOTHES PEGS RETROSPOT PACK 24 ,19.8,12,12626,2011-12,Kitchen,Coasters,Germany
547383,SET/6 RED SPOTTY PAPER PLATES,10.2,12,12613,2011-11,Kitchen,Coasters,Germany
577135,CHILDS BREAKFAST SET SPACEBOY ,68,8,12427,2011-03,Household,Chairs,Germany
576890,ROLL WRAP VINTAGE CHRISTMAS,15,12,12662,2011-11,Household,Lamps,Germany
572061,MINI PLAYING CARDS GYMKHANA,8.4,20,12474,2012-06,Kitchen,Scales,Germany
571065,RETROSPOT HEART HOT WATER BOTTLE,14.85,3,12613,2011-06,Kitchen,Cooking Knives,Germany
542106,SET OF 72 RETROSPOT PAPER  DOILIES,69.6,48,12709,2011-04,Garden,Turf,Germany
540769,JAM MAKING SET PRINTED,17.4,12,12601,2011-09,Household,Chairs,Germany
559298,SET OF 5 PANCAKE DAY MAGNETS,24.96,12,12471,2011-09,Household,Lamps,Germany
569893,CLOTHES PEGS RETROSPOT PACK 24 ,19.8,12,12627,2011-01,Garden,Hoses,Germany
566233,RED RETROSPOT CAKE STAND,10.95,1,12635,2011-10,Clothes,Shoes,Germany
568350,RED KUKUI COCONUT SEED NECKLACE,24,24,12612,2011-10,Clothes,Hats,Germany
560230,POSTAGE,36,2,12600,2011-06,Kitchen,Bowls,Germany
550137,HOME SWEET HOME METAL SIGN ,35.4,12,12477,2011-11,Garden,Turf,Germany
543587,METAL 4 HOOK HANGER FRENCH CHATEAU,23.6,8,12561,2011-04,Clothes,Shoes,Germany
554104,GIFT BAG PSYCHEDELIC APPLES,7.8,12,12705,2011-11,Garden,Seeds,Germany
560230,ASS FLORAL PRINT MULTI SCREWDRIVER,10.08,24,12600,2011-02,Household,Lamps,Germany
574071,ZINC WILLIE WINKIE  CANDLE STICK,10.2,12,12654,2011-06,Garden,Rakes,Germany
540351,PACK OF 72 RETROSPOT CAKE CASES,13.2,24,12735,2011-01,Garden,Hoses,France
574104,HEART WOODEN CHRISTMAS DECORATION,10.2,12,12615,2011-10,Clothes,Hats,France
538008,SET/10 PINK POLKADOT PARTY CANDLES,30,24,12683,2011-11,Kitchen,Plates,France
569921,STOOL HOME SWEET HOME ,12.5,1,12523,2011-06,Household,Lamps,France
579345,MAGIC DRAWING SLATE DOLLY GIRL ,10.08,24,12727,2011-12,Household,Rugs,France
546479,LUNCH BAG WOODLAND,16.5,10,12682,2011-04,Household,Chairs,France
566736,CACTI T-LIGHT CANDLES,6.72,16,12726,2011-08,Clothes,Hats,France
547722,SET/6 COLLAGE PAPER CUPS,7.8,12,12553,2011-10,Kitchen,Cutlery,France
556529,LUNCH BOX WITH CUTLERY RETROSPOT ,30.6,12,12714,2011-08,Garden,Rakes,France
536974,SET OF SALT AND PEPPER TOADSTOOLS,15,12,12682,2011-07,Clothes,Tops,France
547722,EDWARDIAN PARASOL BLACK,17.85,3,12553,2011-10,Household,Curtains,France
556259,SMALL RED RETROSPOT WINDMILL,30,24,12721,2011-05,Kitchen,Plates,France
579492,ROUND SNACK BOXES SET OF 4 FRUITS ,70.8,24,12670,2011-05,Garden,Seeds,France
575629,PAPER CHAIN KIT 50'S CHRISTMAS ,17.7,6,12599,2011-01,Clothes,Hats,France
579792,MAGNETS PACK OF 4 HOME SWEET HOME,4.68,12,12714,2013-12,Kitchen,Scales,France
575692,LONDON BUS COFFEE MUG,7.65,3,12508,2011-08,Garden,Rakes,France
542433,SET OF 6 T-LIGHTS CACTI ,53.1,18,12726,2011-06,Garden,Rakes,France
540351,ROMANTIC IMAGES GIFT WRAP SET,12.6,6,12735,2011-11,Garden,Seeds,France
548496,PLASTERS IN TIN SPACEBOY,139.2,96,12678,2011-07,Kitchen,Cutlery,France
574506,LUNCH BAG PAISLEY PARK  ,1.65,1,12577,2011-03,Garden,Rakes,France
544470,WOODEN SKITTLES GARDEN SET,51,4,12707,2011-11,Kitchen,Plates,France
561795,RED RETROSPOT OVEN GLOVE ,12.5,10,12716,2011-05,Garden,Turf,France
569122,SET OF 6 SNACK LOAF BAKING CASES,6.64,8,12694,2011-08,Household,Curtains,France
545583,FELTCRAFT CUSHION OWL,15,4,12553,2011-08,Household,Lamps,France
551544,PINK PARTY BAGS,63,30,12683,2011-11,Household,Chairs,France
568040,SET/10 RED POLKADOT PARTY CANDLES,30,24,12681,2011-11,Garden,Rakes,France
579193,SET 2 TEA TOWELS I LOVE LONDON ,19.5,6,12657,2011-12,Garden,Hoses,France
544355,RED RETROSPOT CHILDRENS UMBRELLA,19.5,6,12714,2011-07,Clothes,Tops,France
576087,CHILDRENS APRON SPACEBOY DESIGN,15.6,8,12689,2011-06,Household,Chairs,France
574104,RED ROCKING HORSE HAND PAINTED,30,24,12615,2011-09,Clothes,Tops,France
570672,CHARLIE & LOLA WASTEPAPER BIN FLORA,15,12,12536,2011-01,Clothes,Shoes,France
560272,POSTAGE,18,1,12691,2011-08,Household,Chairs,France
561470,WRAP DOILEY DESIGN,10.5,25,12523,2011-02,Clothes,Hats,France
564897,SET OF 12 FAIRY CAKE BAKING CASES,59.76,72,12678,2011-04,Garden,Rakes,France
543188,JAM JAR WITH PINK LID,10.2,12,12567,2011-11,Household,Lamps,France
540642,RED TOADSTOOL LED NIGHT LIGHT,19.8,12,12681,2011-06,Clothes,Hats,France
540642,RETROSPOT TEA SET CERAMIC 11 PC ,14.85,3,12681,2011-09,Clothes,Hats,France
579792,WHITE ROCKING HORSE HAND PAINTED,30,24,12714,2011-12,Kitchen,Cutlery,France
580705,SET OF 3 REGENCY CAKE TINS,19.8,4,12683,2011-01,Household,Curtains,France
570672,STRAWBERRY CHARLOTTE BAG,8.5,10,12536,2011-10,Kitchen,Cutlery,France
541120,SOLDIERS EGG CUP ,15,12,12490,2011-07,Garden,Rakes,France
566816,QUEENS GUARD COFFEE MUG,61.2,24,12731,2011-05,Clothes,Hats,France
555941,SET/20 RED RETROSPOT PAPER NAPKINS ,10.2,12,12726,2011-09,Kitchen,Cooking Knives,France
563288,BLUE POLKADOT WRAP,10.5,25,12656,2011-01,Household,Curtains,France
547504,CHILDRENS APRON APPLES DESIGN,15.6,8,12683,2011-10,Garden,Hoses,France
552631,12 PENCILS SMALL TUBE SKULL,15.6,24,12684,2011-11,Clothes,Tops,France
540239,BLUE ROSE FABRIC MIRROR,15,12,12682,2011-01,Kitchen,Cutlery,France
539050,RIBBON REEL LACE DESIGN ,2.1,1,12577,2011-06,Kitchen,Plates,France
541120,CHILDRENS APRON APPLES DESIGN,15.6,8,12490,2011-09,Garden,Seeds,France
577295,RABBIT NIGHT LIGHT,128.88,72,12682,2011-01,Garden,Turf,France
570851,SPACEBOY MINI BACKPACK,132.8,32,12583,2011-11,Household,Lamps,France
564670,POSTAGE,108,6,12683,2011-06,Household,Curtains,France
547892,SET OF SALT AND PEPPER TOADSTOOLS,15,12,12669,2011-10,Kitchen,Cooking Knives,France
544817,PLASTERS IN TIN CIRCUS PARADE ,19.8,12,12437,2011-02,Household,Rugs,France
541121,PINK BABY BUNTING,44.25,15,12672,2011-12,Household,Rugs,France
552631,PACK OF 12 COLOURED PENCILS,10.2,12,12684,2011-05,Clothes,Tops,France
567640,PINK FAIRY CAKE CHILDRENS APRON,15.6,8,12604,2011-09,Kitchen,Coasters,France
575067,PACK OF 60 MUSHROOM CAKE CASES,13.2,24,12583,2011-06,Garden,Seeds,France
565322,WOODLAND PARTY BAG + STICKER SET,26.4,16,12437,2011-06,Clothes,Hats,France
580536,POSTAGE,54,3,12490,2011-04,Kitchen,Scales,France
570672,PANTRY MAGNETIC  SHOPPING LIST,17.4,12,12536,2011-07,Garden,Turf,France
568040,COFFEE MUG CAT + BIRD DESIGN,15.3,6,12681,2011-02,Household,Chairs,France
536370,MINI JIGSAW SPACEBOY,10.08,24,12583,2011-03,Kitchen,Cooking Knives,France
575193,LUNCH BAG SPACEBOY DESIGN ,16.5,10,12681,2011-09,Clothes,Shoes,France
563288,SET OF 3 REGENCY CAKE TINS,39.6,8,12656,2011-11,Garden,Hoses,France
557734,12 PENCILS SMALL TUBE SKULL,31.2,48,12684,2011-12,Garden,Rakes,France
547087,RETROSPOT PARTY BAG + STICKER SET,13.2,8,12726,2011-09,Clothes,Hats,France
540365,SET/20 RED RETROSPOT PAPER NAPKINS ,10.2,12,12413,2010-12,Household,Chairs,France
570672,DOORMAT WELCOME TO OUR HOME,16.5,2,12536,2010-12,Household,Chairs,France
559607,ALARM CLOCK BAKELIKE RED ,15,4,12681,2010-12,Kitchen,Scales,France
541138,RED TOADSTOOL LED NIGHT LIGHT,19.8,12,12553,2011-09,Clothes,Tops,France
540463,CREAM FELT EASTER EGG BASKET,9.9,6,12489,2011-09,Clothes,Hats,France
570672,TREASURE TIN GYMKHANA DESIGN,12.48,6,12536,2011-03,Garden,Hoses,France
555547,PLASTERS IN TIN STRONGMAN,19.8,12,12681,2011-10,Household,Rugs,France
568798,WRAP RED VINTAGE DOILY,10.5,25,12615,2011-01,Garden,Rakes,France
538008,RED RETROSPOT CAKE STAND,21.9,2,12683,2011-11,Kitchen,Cooking Knives,France
555096,REGENCY SUGAR BOWL GREEN,16.6,4,12682,2011-08,Garden,Rakes,France
541631,SET/6 RED SPOTTY PAPER CUPS,7.8,12,12637,2011-01,Clothes,Tops,France
545301,GROW YOUR OWN PLANT IN A CAN ,30,24,12679,2011-09,Clothes,Tops,France
552315,CARD DOLLY GIRL ,5.04,12,12700,2011-08,Clothes,Hats,France
570672,PINK POLKADOT BOWL,10,8,12536,2011-01,Clothes,Hats,France
575067,SPOTTY BUNTING,44.55,9,12583,2011-10,Clothes,Tops,France
560398,MAGNETS PACK OF 4 SWALLOWS,9.36,24,12731,2011-07,Garden,Seeds,France
541567,CHARLOTTE BAG PINK POLKADOT,17,20,12681,2011-03,Garden,Rakes,France
575692,WHITE ROCKING HORSE HAND PAINTED,2.5,2,12508,2011-11,Garden,Hoses,France
543484,WRAP ALPHABET DESIGN,10.5,25,12721,2011-11,Kitchen,Cutlery ,France
578736,RABBIT NIGHT LIGHT,214.8,120,12681,2011-10,Garden,Rakes ,France
570841,POSTAGE,36,2,12553,2011-10,Clothes,Hats ,France
541138,10 COLOUR SPACEBOY PEN,20.4,24,12553,2011-01,Garden,Turf ,France
574506,DOORMAT BLACK FLOCK ,8.25,1,12577,2011-01,Clothes,Hats ,France
565931,GYMKHANA TREASURE BOOK BOX,18,8,12683,2011-07,Clothes,Hats ,France
553208,SET OF 5 LUCKY CAT MAGNETS ,24.96,12,12674,2011-10,Garden,Rakes ,France
573402,6 GIFT TAGS VINTAGE CHRISTMAS ,9.96,12,12494,2011-09,Clothes,Shoes ,France
554097,RED HEART SHAPE LOVE BUCKET ,17.7,6,12567,2011-09,Clothes,Shoes ,France
556886,JUNGLE POPSICLES ICE LOLLY MOULDS,30,24,12624,2011-07,Kitchen,Coasters ,France
546428,BASKET OF TOADSTOOLS,15,12,12681,2011-04,Household,Chairs ,France
545515,SMALL POPCORN HOLDER,10.2,12,12727,2011-02,Garden,Rakes ,France
575747,CARDHOLDER GINGHAM CHRISTMAS TREE,19.5,6,12589,2011-05,Kitchen,Bowls ,France
554648,JUMBO STORAGE BAG SUKI,20.8,10,12562,2011-07,Kitchen,Bowls ,France
542904,5 HOOK HANGER RED MAGIC TOADSTOOL,39.6,24,12682,2011-11,Clothes,Tops ,France
561040,PINK REGENCY TEACUP AND SAUCER,17.7,6,12431,2011-01,Kitchen,Scales ,Australia
568695,WHITE HEART CONFETTI IN TUBE,39.6,24,16321,2011-11,Household,Lamps ,Australia
569650,ALARM CLOCK BAKELIKE RED ,169.5,50,12415,2011-12,Household,Lamps ,Australia
540700,LUNCH BAG SUKI  DESIGN ,16.5,10,12393,2011-10,Garden,Turf ,Australia
565146,TRADITIONAL WOODEN SKIPPING ROPE,208.8,144,12415,2011-11,Kitchen,Cutlery ,Australia
554126,DOORMAT UNION FLAG,67.5,10,12431,2011-03,Garden,Seeds ,Australia
567085,UNION STRIPE WITH FRINGE  HAMMOCK,15.9,2,12434,2011-09,Kitchen,Plates ,Australia
567085,SPOTTY BUNTING,14.85,3,12434,2011-03,Garden,Seeds ,Australia
556917,MODERN FLORAL STATIONERY SET,90,72,12415,2011-06,Household,Lamps,Australia
547659,ASSORTED COLOUR MINI CASES,15.9,2,12434,2010-12,Kitchen,Cutlery,Australia
543989,RED SPOTTY BISCUIT TIN,312,96,12415,2011-03,Kitchen,Scales,Australia
559919,SET OF 6 TEA TIME BAKING CASES,399.36,384,12415,2011-06,Garden,Seeds,Australia
567085,DOLLY HONEYCOMB GARLAND,19.8,12,12434,2011-11,Kitchen,Cutlery,Australia
560033,VINTAGE CHRISTMAS STOCKING ,30.6,12,12388,2011-11,Garden,Seeds,Australia
545065,SQUARECUSHION COVER PINK UNION FLAG,27,4,12431,2011-11,Garden,Hoses,Australia
543989,WRAP ALPHABET DESIGN,68,200,12415,2011-11,Garden,Hoses,Australia
545475,BLUE POLKADOT PLATE ,139.2,96,12415,2011-01,Household,Curtains,Australia
553546,BLUE CHARLIE+LOLA PERSONAL DOORSIGN,36.48,96,12415,2011-01,Clothes,Shoes,Australia
576394,FAIRY TALE COTTAGE NIGHT LIGHT,158.4,96,12415,2011-03,Kitchen,Cooking Knives,Australia
565145,MINI PAINT SET VINTAGE ,633.6,1152,12415,2011-11,Clothes,Tops,Australia
568145,STORAGE TIN VINTAGE DOILY ,52.02,18,12388,2011-02,Clothes,Hats,Australia
545475,"SET 3 RETROSPOT TEA,COFFEE,SUGAR",510,120,12415,2011-07,Household,Curtains,Australia
560473,REGENCY MILK JUG PINK ,13,4,12431,2011-09,Household,Chairs,Australia
543989,CARD CIRCUS PARADE,51.84,144,12415,2011-03,Garden,Seeds,Australia
560473,REGENCY SUGAR BOWL GREEN,16.6,4,12431,2011-05,Garden,Hoses,Australia
569722,JUMBO BAG SPACEBOY DESIGN,41.6,20,12431,2011-09,Clothes,Tops,Australia
563614,SET 8 CANDLES VINTAGE DOILY,237.6,144,12415,2011-11,Garden,Hoses,Australia
553546,REGENCY TEA PLATE PINK,69.6,48,12415,2011-02,Garden,Hoses,Australia
543376,PAPER BUNTING WHITE LACE,53.1,18,16321,2011-11,Kitchen,Scales,Australia
576394,RED LOVE HEART SHAPE CUP,69.12,96,12415,2011-11,Kitchen,Coasters,Australia
556917,WRAP ENGLISH ROSE ,136,400,12415,2012-06,Household,Chairs,Australia
540267,SET OF 6 SOLDIER SKITTLES,271.2,80,12415,2011-07,Household,Rugs,Australia
569723,JUMBO SHOPPER VINTAGE RED PAISLEY,20.8,10,12431,2011-07,Household,Curtains,Australia
578459,STAR DECORATION PAINTED ZINC ,18.24,96,12388,2011-08,Clothes,Tops,Australia
556917,HOMEMADE JAM SCENTED CANDLES,120,96,12415,2011-02,Household,Rugs,Australia
539419,CORONA MEXICAN TRAY,147.5,50,12431,2011-01,Clothes,Hats,Australia
547659,CUSHION COVER PINK UNION JACK,47.6,8,12434,2011-01,Garden,Turf,Australia
563179,LUNCH BAG WOODLAND,16.5,10,12431,2011-11,Clothes,Tops,Australia
545475,COWBOYS AND INDIANS BIRTHDAY CARD ,51.84,144,12415,2011-12,Kitchen,Plates,Australia
553546,GIRAFFE WOODEN RULER,237.6,144,12415,2012-06,Clothes,Hats,Australia
563614,VINTAGE CHRISTMAS GIFT BAG LARGE ,124.8,120,12415,2011-01,Kitchen,Cooking Knives,Australia
545475,FELTCRAFT PRINCESS CHARLOTTE DOLL,488.16,144,12415,2011-09,Kitchen,Scales,Australia
568708,FAIRY TALE COTTAGE NIGHT LIGHT,23.4,12,12393,2011-06,Garden,Rakes,Australia
556917,SET OF 5 PANCAKE DAY MAGNETS,222,120,12415,2011-08,Household,Rugs,Australia
556917,SET OF 4 KNICK KNACK TINS LEAVES ,180,48,12415,2011-03,Garden,Turf,Australia
540267,HEN HOUSE W CHICK STANDING,44.4,120,12415,2011-05,Clothes,Shoes,Australia
545475,PACK OF 12 CIRCUS PARADE TISSUES ,108,432,12415,2011-01,Kitchen,Coasters,Australia
553546,YELLOW GIANT GARDEN THERMOMETER,178.2,36,12415,2010-12,Kitchen,Coasters,Australia
540267,BLUE POLKADOT PLATE ,139.2,96,12415,2011-01,Garden,Hoses,Australia
563614,SET OF 6 RIBBONS VINTAGE CHRISTMAS,179.28,72,12415,2011-11,Clothes,Hats,Australia
553148,PINK & WHITE BREAKFAST TRAY,11.8,4,,2012-06,Kitchen,Scales,Hong Kong
553148,BLUE & WHITE BREAKFAST TRAY,11.8,4,,2011-08,Garden,Hoses,Hong Kong
553148,PINK BUTTERFLY CUSHION COVER,11.7,6,,2011-03,Kitchen,8owls,Hong Kong
553148,BIRDS MOBILE VINTAGE DESIGN,17.85,3,,2011-02,Household,Lamps,Hong Kong
571652,DINOSAUR KEYRINGS ASSORTED,7.56,36,,2011-01,Clothes,Hats,Hong Kong
564087,CHILDRENS CUTLERY SPACEBOY ,99.6,24,,2011-05,Kitchen,Coasters,Hong Kong
549738,MILK PAN RED RETROSPOT,45,12,,2011-09,Household,Chairs,Hong Kong
541975,PLASTERS IN TIN WOODLAND ANIMALS,59.4,36,,2011-11,Kitchen,Bowls,Hong Kong
571652,FAIRY CAKE BIRTHDAY CANDLE SET,15,4,,2011-09,Garden,Rakes,Hong Kong
571652,BAKING SET 9 PIECE RETROSPOT ,14.85,3,,2011-12,Clothes,Shoes,Hong Kong
564087,RECYCLED ACAPULCO MAT PINK,66,8,,2012-04,Household,Rugs,Hong Kong
571652,HOLIDAY FUN LUDO,15,4,,2011-09,Kitchen,Coasters,Hong Kong
571652,ASSORTED COLOUR LIZARD SUCTION HOOK,10.08,24,,2010-12,Garden,Rakes,Hong Kong
564087,"SET 3 RETROSPOT TEA,COFFEE,SUGAR",39.6,8,,2011-11,Clothes,Tops,Hong Kong
564087,GREEN POLKADOT BOWL,20,16,,2011-08,Kitchen,Cutlery,Hong Kong
541975,TOY TIDY SPACEBOY  ,52.5,25,,2011-06,Garden,Seeds,Hong Kong
541975,RED RETROSPOT CHILDRENS UMBRELLA,19.5,6,,2011-03,Garden,Seeds,Hong Kong
553148,PACK OF 60 SPACEBOY CAKE CASES,13.2,24,,2011-01,Clothes,Shoes,Hong Kong
541975,ROUND SNACK BOXES SET OF4 WOODLAND ,244.8,96,,2012-04,Kitchen,Bowls,Hong Kong
564087,12 PENCILS TALL TUBE SKULLS,10.2,12,,2011-07,Garden,Hoses,Hong Kong
541975,RED RETROSPOT CAKE STAND,43.8,4,,2011-01,Garden,Turf,Hong Kong
571652,ICE CREAM SUNDAE LIP GLOSS,30,24,,2011-01,Garden,Hoses,Hong Kong
553148,PINK PARTY BAGS,12.6,6,,2012-04,Household,Rugs,Hong Kong
564087,LARGE HEART MEASURING SPOONS,19.8,12,,2011-06,Clothes,Hats,Hong Kong
573154,MINI PAINT SET VINTAGE ,23.4,36,,2011-09,Kitchen,Cooking Knives,Hong Kong
564087,RED RETROSPOT OVEN GLOVE ,12.5,10,,2010-12,Clothes,Tops,Hong Kong
553148,PACK OF 72 SKULL CAKE CASES,13.2,24,,2011-05,Kitchen,Plates,Hong Kong
553148,SMALL HEART MEASURING SPOONS,10.2,12,,2011-01,Kitchen,Scales,Hong Kong
553148,CLASSIC FRENCH STYLE BASKET NATURAL,31.6,8,,2011-03,Garden,Seeds,Hong Kong
549738,CHILDRENS APRON SPACEBOY DESIGN,15.6,8,,2011-05,Garden,Hoses,Hong Kong
553148,CHARLOTTE BAG PINK POLKADOT,8.5,10,,2011-10,Clothes,Tops,Hong Kong
553148,RED RETROSPOT CHARLOTTE BAG,8.5,10,,2011-11,Garden,Seeds,Hong Kong
571652,WATERING CAN GREEN DINOSAUR,11.7,6,,2011-07,Garden,Hoses,Hong Kong
553148,LUNCH BAG SPACEBOY DESIGN ,16.5,10,,2011-01,Household,Lamps,Hong Kong
564087,MEASURING TAPE BABUSHKA BLUE,53.1,18,,2011-11,Kitchen,Coasters,Hong Kong
557675,POSTAGE,15,1,,2011-02,Garden,Turf,Hong Kong
553148,SET/2 RED RETROSPOT TEA TOWELS ,19.5,6,,2011-11,Kitchen,Cooking Knives,Hong Kong
553148,MIRRORED WALL ART POPPIES,15.3,6,,2012-04,Household,Curtains,Hong Kong
541975,LUNCH BAG SPACEBOY DESIGN ,66,40,,2011-01,Kitchen,Cooking Knives,Hong Kong
541975,BLUE 3 PIECE POLKADOT CUTLERY SET,90,24,,2011-11,Household,Chairs,Hong Kong
541975,"SET 3 RETROSPOT TEA,COFFEE,SUGAR",19.8,4,,2011-09,Clothes,Shoes,Hong Kong
564087,ROUND SNACK BOXES SET OF4 WOODLAND ,122.4,48,,2011-05,Kitchen,Scales,Hong Kong
549738,APPLE BATH SPONGE,12.5,10,,2012-06,Clothes,Tops,Hong Kong
564087,RECYCLED ACAPULCO MAT GREEN,66,8,,2011-05,Garden,Rakes,Hong Kong
553148,RED RETROSPOT CUP,27.2,32,,2011-06,Clothes,Tops,Hong Kong
564087,36 PENCILS TUBE WOODLAND,20,16,,2011-03,Household,Lamp,Hong Kong
553148,PACK OF 60 MUSHROOM CAKE CASES,13.2,24,,2011-03,Garden,Turf,Hong Kong
564087,RETROSPOT HEART HOT WATER BOTTLE,29.7,6,,2011-11,C Lothes,Tops,Hong Kong
553148,BLUE POLKADOT CUP,27.2,32,,2011-05,Household,Lamp,Hong Kong
564087,RED RETROSPOT BOWL,20,16,,2012-10,Clothes,Hats,Hong Kong
